"Source:","D:\MATA KULIAH\SEMESTER 5\SISMIK\TUGAS\KICAD\MAIN BOARD\LF.kicad_sch"
"Date:","03/11/2023 08:16:11"
"Tool:","Eeschema 7.0.7"
"Generator:","C:\Program Files\KiCad\7.0\bin\scripting\plugins/bom_csv_grouped_by_value_with_fp.py"
"Component Count:","34"
"Ref","Qnty","Value","Cmp name","Footprint","Description","Vendor","DNP"
"C1, C2","2","22p","C","","Unpolarized capacitor","",""
"C3","1","0.33uF","C_Polarized","","Polarized capacitor","",""
"C4","1","0.1uF","C_Polarized","","Polarized capacitor","",""
"C5, C6","2","200uF","C_Polarized","","Polarized capacitor","",""
"C7, C8, C9","3","100n","C","","Unpolarized capacitor","",""
"D1","1","LED 5mm","LED","LED_THT:LED_D5.0mm","Light emitting diode","",""
"D2, D3, D4, D5, D6, D7, D8, D9","8","1N4007","1N4007","Diode_THT:D_DO-41_SOD81_P10.16mm_Horizontal","1000V 1A General Purpose Rectifier Diode, DO-41","",""
"D10","1","1N4148","1N4148","Diode_THT:D_DO-35_SOD27_P7.62mm_Horizontal","100V 0.15A standard switching diode, DO-35","",""
"J1","1","DIN41612_02x05_AB_EvenPins","DIN41612_02x05_AB_EvenPins","","DIN41612 connector, double row (AB) even pins only, 02x05, script generated (kicad-library-utils/schlib/autogen/connector/)","",""
"J2","1","INTERFACE SENSOR","Screw_Terminal_01x07","Connector_PinHeader_2.54mm:PinHeader_1x07_P2.54mm_Vertical","Generic screw terminal, single row, 01x07, script generated (kicad-library-utils/schlib/autogen/connector/)","",""
"J4","1","Screw_Terminal_01x02","Screw_Terminal_01x02","Connector_Wago:Wago_734-132_1x02_P3.50mm_Vertical","Generic screw terminal, single row, 01x02, script generated (kicad-library-utils/schlib/autogen/connector/)","",""
"L1, L2","2","L","L","Ferrite_THT:LairdTech_28C0236-0JW-10","Inductor","",""
"M1, M2","2","Motor_DC","Motor_DC","Connector_Wago:Wago_734-132_1x02_P3.50mm_Vertical","DC Motor","",""
"R1","1","10k","R","Resistor_THT:R_Axial_DIN0207_L6.3mm_D2.5mm_P7.62mm_Horizontal","Resistor","",""
"R2","1","330","R","Resistor_THT:R_Axial_DIN0207_L6.3mm_D2.5mm_P7.62mm_Horizontal","Resistor","",""
"R3","1","4.7K","R","Resistor_THT:R_Axial_DIN0207_L6.3mm_D2.5mm_P7.62mm_Horizontal","Resistor","",""
"SW1","1","SW_Push_Dual","SW_Push_Dual","Button_Switch_THT:SW_PUSH_6mm_H4.3mm","Push button switch, generic, symbol, four pins","",""
"U1","1","ATmega328P-P","ATmega328P-P","Package_DIP:DIP-28_W7.62mm","20MHz, 32kB Flash, 2kB SRAM, 1kB EEPROM, DIP-28","",""
"U2","1","L293D","L293D","Package_DIP:DIP-16_W7.62mm","Quadruple Half-H Drivers","",""
"U3","1","L7805","L7805","Package_TO_SOT_THT:TO-220F-3_Horizontal_TabDown","Positive 1.5A 35V Linear Regulator, Fixed Output 5V, TO-220/TO-263/TO-252","",""
"Y1","1","16MHz","Crystal","Crystal:Crystal_HC49-U_Vertical","Two pin crystal","",""
