<?xml version="1.0" encoding="UTF-8"?>
<export version="E">
  <design>
    <source>D:\MATA KULIAH\SEMESTER 5\SISMIK\TUGAS\KICAD\MAIN BOARD\LF.kicad_sch</source>
    <date>03/11/2023 08:16:11</date>
    <tool>Eeschema 7.0.7</tool>
    <sheet number="1" name="/" tstamps="/">
      <title_block>
        <title>LF KEL1</title>
        <company/>
        <rev/>
        <date>2023-09-13</date>
        <source>LF.kicad_sch</source>
        <comment number="1" value=""/>
        <comment number="2" value=""/>
        <comment number="3" value=""/>
        <comment number="4" value=""/>
        <comment number="5" value=""/>
        <comment number="6" value=""/>
        <comment number="7" value=""/>
        <comment number="8" value=""/>
        <comment number="9" value=""/>
      </title_block>
    </sheet>
  </design>
  <components>
    <comp ref="C1">
      <value>22p</value>
      <libsource lib="Device" part="C" description="Unpolarized capacitor"/>
      <property name="Sheetname" value=""/>
      <property name="Sheetfile" value="LF.kicad_sch"/>
      <property name="ki_description" value="Unpolarized capacitor"/>
      <property name="ki_keywords" value="cap capacitor"/>
      <sheetpath names="/" tstamps="/"/>
      <tstamps>195bf9c2-7b7c-472c-9015-ef95b52cb76d</tstamps>
    </comp>
    <comp ref="C2">
      <value>22p</value>
      <libsource lib="Device" part="C" description="Unpolarized capacitor"/>
      <property name="Sheetname" value=""/>
      <property name="Sheetfile" value="LF.kicad_sch"/>
      <property name="ki_description" value="Unpolarized capacitor"/>
      <property name="ki_keywords" value="cap capacitor"/>
      <sheetpath names="/" tstamps="/"/>
      <tstamps>32753e5b-4f72-4fbb-ac8b-86196ebb514b</tstamps>
    </comp>
    <comp ref="C3">
      <value>0.33uF</value>
      <libsource lib="Device" part="C_Polarized" description="Polarized capacitor"/>
      <property name="Sheetname" value=""/>
      <property name="Sheetfile" value="LF.kicad_sch"/>
      <property name="ki_description" value="Polarized capacitor"/>
      <property name="ki_keywords" value="cap capacitor"/>
      <sheetpath names="/" tstamps="/"/>
      <tstamps>d14433a1-7b21-434e-b6c3-0423236a76f1</tstamps>
    </comp>
    <comp ref="C4">
      <value>0.1uF</value>
      <libsource lib="Device" part="C_Polarized" description="Polarized capacitor"/>
      <property name="Sheetname" value=""/>
      <property name="Sheetfile" value="LF.kicad_sch"/>
      <property name="ki_description" value="Polarized capacitor"/>
      <property name="ki_keywords" value="cap capacitor"/>
      <sheetpath names="/" tstamps="/"/>
      <tstamps>fbb50e31-968e-4ec5-8c87-bb916d83ef64</tstamps>
    </comp>
    <comp ref="C5">
      <value>200uF</value>
      <libsource lib="Device" part="C_Polarized" description="Polarized capacitor"/>
      <property name="Sheetname" value=""/>
      <property name="Sheetfile" value="LF.kicad_sch"/>
      <property name="ki_description" value="Polarized capacitor"/>
      <property name="ki_keywords" value="cap capacitor"/>
      <sheetpath names="/" tstamps="/"/>
      <tstamps>8c1c2c56-6121-43b8-8eb6-09ea61b51a20</tstamps>
    </comp>
    <comp ref="C6">
      <value>200uF</value>
      <libsource lib="Device" part="C_Polarized" description="Polarized capacitor"/>
      <property name="Sheetname" value=""/>
      <property name="Sheetfile" value="LF.kicad_sch"/>
      <property name="ki_description" value="Polarized capacitor"/>
      <property name="ki_keywords" value="cap capacitor"/>
      <sheetpath names="/" tstamps="/"/>
      <tstamps>22bb4ca4-bc1a-4ccb-8672-d195a5a51a75</tstamps>
    </comp>
    <comp ref="C7">
      <value>100n</value>
      <libsource lib="Device" part="C" description="Unpolarized capacitor"/>
      <property name="Sheetname" value=""/>
      <property name="Sheetfile" value="LF.kicad_sch"/>
      <property name="ki_description" value="Unpolarized capacitor"/>
      <property name="ki_keywords" value="cap capacitor"/>
      <sheetpath names="/" tstamps="/"/>
      <tstamps>0cd5c375-14bf-4b04-b2d1-d785cf5b724c</tstamps>
    </comp>
    <comp ref="C8">
      <value>100n</value>
      <libsource lib="Device" part="C" description="Unpolarized capacitor"/>
      <property name="Sheetname" value=""/>
      <property name="Sheetfile" value="LF.kicad_sch"/>
      <property name="ki_description" value="Unpolarized capacitor"/>
      <property name="ki_keywords" value="cap capacitor"/>
      <sheetpath names="/" tstamps="/"/>
      <tstamps>50320896-4bf4-4b80-b3de-70c5f124b42c</tstamps>
    </comp>
    <comp ref="C9">
      <value>100n</value>
      <libsource lib="Device" part="C" description="Unpolarized capacitor"/>
      <property name="Sheetname" value=""/>
      <property name="Sheetfile" value="LF.kicad_sch"/>
      <property name="ki_description" value="Unpolarized capacitor"/>
      <property name="ki_keywords" value="cap capacitor"/>
      <sheetpath names="/" tstamps="/"/>
      <tstamps>e49aa001-a523-472e-993e-92be59bfa0d9</tstamps>
    </comp>
    <comp ref="D1">
      <value>LED 5mm</value>
      <footprint>LED_THT:LED_D5.0mm</footprint>
      <libsource lib="Device" part="LED" description="Light emitting diode"/>
      <property name="Sheetname" value=""/>
      <property name="Sheetfile" value="LF.kicad_sch"/>
      <property name="ki_description" value="Light emitting diode"/>
      <property name="ki_keywords" value="LED diode"/>
      <sheetpath names="/" tstamps="/"/>
      <tstamps>11a19fb1-99e9-4399-aad3-e40502bfca1b</tstamps>
    </comp>
    <comp ref="D2">
      <value>1N4007</value>
      <footprint>Diode_THT:D_DO-41_SOD81_P10.16mm_Horizontal</footprint>
      <datasheet>http://www.vishay.com/docs/88503/1n4001.pdf</datasheet>
      <fields>
        <field name="Sim.Device">D</field>
        <field name="Sim.Pins">1=K 2=A</field>
      </fields>
      <libsource lib="Diode" part="1N4007" description="1000V 1A General Purpose Rectifier Diode, DO-41"/>
      <property name="Sim.Device" value="D"/>
      <property name="Sim.Pins" value="1=K 2=A"/>
      <property name="Sheetname" value=""/>
      <property name="Sheetfile" value="LF.kicad_sch"/>
      <property name="ki_description" value="1000V 1A General Purpose Rectifier Diode, DO-41"/>
      <property name="ki_keywords" value="diode"/>
      <sheetpath names="/" tstamps="/"/>
      <tstamps>95911986-b74f-45c9-81ec-c0ed90138d98</tstamps>
    </comp>
    <comp ref="D3">
      <value>1N4007</value>
      <footprint>Diode_THT:D_DO-41_SOD81_P10.16mm_Horizontal</footprint>
      <datasheet>http://www.vishay.com/docs/88503/1n4001.pdf</datasheet>
      <fields>
        <field name="Sim.Device">D</field>
        <field name="Sim.Pins">1=K 2=A</field>
      </fields>
      <libsource lib="Diode" part="1N4007" description="1000V 1A General Purpose Rectifier Diode, DO-41"/>
      <property name="Sim.Device" value="D"/>
      <property name="Sim.Pins" value="1=K 2=A"/>
      <property name="Sheetname" value=""/>
      <property name="Sheetfile" value="LF.kicad_sch"/>
      <property name="ki_description" value="1000V 1A General Purpose Rectifier Diode, DO-41"/>
      <property name="ki_keywords" value="diode"/>
      <sheetpath names="/" tstamps="/"/>
      <tstamps>9a478ea5-d9ab-42e9-ab0e-5c950f82ea97</tstamps>
    </comp>
    <comp ref="D4">
      <value>1N4007</value>
      <footprint>Diode_THT:D_DO-41_SOD81_P10.16mm_Horizontal</footprint>
      <datasheet>http://www.vishay.com/docs/88503/1n4001.pdf</datasheet>
      <fields>
        <field name="Sim.Device">D</field>
        <field name="Sim.Pins">1=K 2=A</field>
      </fields>
      <libsource lib="Diode" part="1N4007" description="1000V 1A General Purpose Rectifier Diode, DO-41"/>
      <property name="Sim.Device" value="D"/>
      <property name="Sim.Pins" value="1=K 2=A"/>
      <property name="Sheetname" value=""/>
      <property name="Sheetfile" value="LF.kicad_sch"/>
      <property name="ki_description" value="1000V 1A General Purpose Rectifier Diode, DO-41"/>
      <property name="ki_keywords" value="diode"/>
      <sheetpath names="/" tstamps="/"/>
      <tstamps>65528bec-f43d-40b2-b6df-648d81d0b327</tstamps>
    </comp>
    <comp ref="D5">
      <value>1N4007</value>
      <footprint>Diode_THT:D_DO-41_SOD81_P10.16mm_Horizontal</footprint>
      <datasheet>http://www.vishay.com/docs/88503/1n4001.pdf</datasheet>
      <fields>
        <field name="Sim.Device">D</field>
        <field name="Sim.Pins">1=K 2=A</field>
      </fields>
      <libsource lib="Diode" part="1N4007" description="1000V 1A General Purpose Rectifier Diode, DO-41"/>
      <property name="Sim.Device" value="D"/>
      <property name="Sim.Pins" value="1=K 2=A"/>
      <property name="Sheetname" value=""/>
      <property name="Sheetfile" value="LF.kicad_sch"/>
      <property name="ki_description" value="1000V 1A General Purpose Rectifier Diode, DO-41"/>
      <property name="ki_keywords" value="diode"/>
      <sheetpath names="/" tstamps="/"/>
      <tstamps>ef76d4bd-112f-4652-9711-f2eb5085a9c9</tstamps>
    </comp>
    <comp ref="D6">
      <value>1N4007</value>
      <footprint>Diode_THT:D_DO-41_SOD81_P10.16mm_Horizontal</footprint>
      <datasheet>http://www.vishay.com/docs/88503/1n4001.pdf</datasheet>
      <fields>
        <field name="Sim.Device">D</field>
        <field name="Sim.Pins">1=K 2=A</field>
      </fields>
      <libsource lib="Diode" part="1N4007" description="1000V 1A General Purpose Rectifier Diode, DO-41"/>
      <property name="Sim.Device" value="D"/>
      <property name="Sim.Pins" value="1=K 2=A"/>
      <property name="Sheetname" value=""/>
      <property name="Sheetfile" value="LF.kicad_sch"/>
      <property name="ki_description" value="1000V 1A General Purpose Rectifier Diode, DO-41"/>
      <property name="ki_keywords" value="diode"/>
      <sheetpath names="/" tstamps="/"/>
      <tstamps>c0eaa198-36cf-4b42-aa98-81b157ddbabd</tstamps>
    </comp>
    <comp ref="D7">
      <value>1N4007</value>
      <footprint>Diode_THT:D_DO-41_SOD81_P10.16mm_Horizontal</footprint>
      <datasheet>http://www.vishay.com/docs/88503/1n4001.pdf</datasheet>
      <fields>
        <field name="Sim.Device">D</field>
        <field name="Sim.Pins">1=K 2=A</field>
      </fields>
      <libsource lib="Diode" part="1N4007" description="1000V 1A General Purpose Rectifier Diode, DO-41"/>
      <property name="Sim.Device" value="D"/>
      <property name="Sim.Pins" value="1=K 2=A"/>
      <property name="Sheetname" value=""/>
      <property name="Sheetfile" value="LF.kicad_sch"/>
      <property name="ki_description" value="1000V 1A General Purpose Rectifier Diode, DO-41"/>
      <property name="ki_keywords" value="diode"/>
      <sheetpath names="/" tstamps="/"/>
      <tstamps>fe430f47-b54c-459b-bc6e-5c8a305567d8</tstamps>
    </comp>
    <comp ref="D8">
      <value>1N4007</value>
      <footprint>Diode_THT:D_DO-41_SOD81_P10.16mm_Horizontal</footprint>
      <datasheet>http://www.vishay.com/docs/88503/1n4001.pdf</datasheet>
      <fields>
        <field name="Sim.Device">D</field>
        <field name="Sim.Pins">1=K 2=A</field>
      </fields>
      <libsource lib="Diode" part="1N4007" description="1000V 1A General Purpose Rectifier Diode, DO-41"/>
      <property name="Sim.Device" value="D"/>
      <property name="Sim.Pins" value="1=K 2=A"/>
      <property name="Sheetname" value=""/>
      <property name="Sheetfile" value="LF.kicad_sch"/>
      <property name="ki_description" value="1000V 1A General Purpose Rectifier Diode, DO-41"/>
      <property name="ki_keywords" value="diode"/>
      <sheetpath names="/" tstamps="/"/>
      <tstamps>31dacd5a-7f08-41d9-b673-d42e7ab014b5</tstamps>
    </comp>
    <comp ref="D9">
      <value>1N4007</value>
      <footprint>Diode_THT:D_DO-41_SOD81_P10.16mm_Horizontal</footprint>
      <datasheet>http://www.vishay.com/docs/88503/1n4001.pdf</datasheet>
      <fields>
        <field name="Sim.Device">D</field>
        <field name="Sim.Pins">1=K 2=A</field>
      </fields>
      <libsource lib="Diode" part="1N4007" description="1000V 1A General Purpose Rectifier Diode, DO-41"/>
      <property name="Sim.Device" value="D"/>
      <property name="Sim.Pins" value="1=K 2=A"/>
      <property name="Sheetname" value=""/>
      <property name="Sheetfile" value="LF.kicad_sch"/>
      <property name="ki_description" value="1000V 1A General Purpose Rectifier Diode, DO-41"/>
      <property name="ki_keywords" value="diode"/>
      <sheetpath names="/" tstamps="/"/>
      <tstamps>ba1508cb-b3f6-413f-820b-c04ee1f32892</tstamps>
    </comp>
    <comp ref="D10">
      <value>1N4148</value>
      <footprint>Diode_THT:D_DO-35_SOD27_P7.62mm_Horizontal</footprint>
      <datasheet>https://assets.nexperia.com/documents/data-sheet/1N4148_1N4448.pdf</datasheet>
      <fields>
        <field name="Sim.Device">D</field>
        <field name="Sim.Pins">1=K 2=A</field>
      </fields>
      <libsource lib="Diode" part="1N4148" description="100V 0.15A standard switching diode, DO-35"/>
      <property name="Sim.Device" value="D"/>
      <property name="Sim.Pins" value="1=K 2=A"/>
      <property name="Sheetname" value=""/>
      <property name="Sheetfile" value="LF.kicad_sch"/>
      <property name="ki_description" value="100V 0.15A standard switching diode, DO-35"/>
      <property name="ki_keywords" value="diode"/>
      <sheetpath names="/" tstamps="/"/>
      <tstamps>20fcd493-c301-45eb-8fe6-107e4742f693</tstamps>
    </comp>
    <comp ref="J1">
      <value>DIN41612_02x05_AB_EvenPins</value>
      <libsource lib="Connector" part="DIN41612_02x05_AB_EvenPins" description="DIN41612 connector, double row (AB) even pins only, 02x05, script generated (kicad-library-utils/schlib/autogen/connector/)"/>
      <property name="Sheetname" value=""/>
      <property name="Sheetfile" value="LF.kicad_sch"/>
      <property name="ki_description" value="DIN41612 connector, double row (AB) even pins only, 02x05, script generated (kicad-library-utils/schlib/autogen/connector/)"/>
      <property name="ki_keywords" value="connector"/>
      <sheetpath names="/" tstamps="/"/>
      <tstamps>90a95709-06d3-4074-ab24-814ca4139c4c</tstamps>
    </comp>
    <comp ref="J2">
      <value>INTERFACE SENSOR</value>
      <footprint>Connector_PinHeader_2.54mm:PinHeader_1x07_P2.54mm_Vertical</footprint>
      <libsource lib="Connector" part="Screw_Terminal_01x07" description="Generic screw terminal, single row, 01x07, script generated (kicad-library-utils/schlib/autogen/connector/)"/>
      <property name="Sheetname" value=""/>
      <property name="Sheetfile" value="LF.kicad_sch"/>
      <property name="ki_description" value="Generic screw terminal, single row, 01x07, script generated (kicad-library-utils/schlib/autogen/connector/)"/>
      <property name="ki_keywords" value="screw terminal"/>
      <sheetpath names="/" tstamps="/"/>
      <tstamps>1c685974-a80f-4f6a-906b-88a4b4bc623f</tstamps>
    </comp>
    <comp ref="J4">
      <value>Screw_Terminal_01x02</value>
      <footprint>Connector_Wago:Wago_734-132_1x02_P3.50mm_Vertical</footprint>
      <libsource lib="Connector" part="Screw_Terminal_01x02" description="Generic screw terminal, single row, 01x02, script generated (kicad-library-utils/schlib/autogen/connector/)"/>
      <property name="Sheetname" value=""/>
      <property name="Sheetfile" value="LF.kicad_sch"/>
      <property name="ki_description" value="Generic screw terminal, single row, 01x02, script generated (kicad-library-utils/schlib/autogen/connector/)"/>
      <property name="ki_keywords" value="screw terminal"/>
      <sheetpath names="/" tstamps="/"/>
      <tstamps>ee8270c5-7916-4ac6-8aa2-39e7ea69e9f0</tstamps>
    </comp>
    <comp ref="L1">
      <value>L</value>
      <footprint>Ferrite_THT:LairdTech_28C0236-0JW-10</footprint>
      <libsource lib="Device" part="L" description="Inductor"/>
      <property name="Sheetname" value=""/>
      <property name="Sheetfile" value="LF.kicad_sch"/>
      <property name="ki_description" value="Inductor"/>
      <property name="ki_keywords" value="inductor choke coil reactor magnetic"/>
      <sheetpath names="/" tstamps="/"/>
      <tstamps>c7b92870-0a91-44ff-886f-307ce8312904</tstamps>
    </comp>
    <comp ref="L2">
      <value>L</value>
      <footprint>Ferrite_THT:LairdTech_28C0236-0JW-10</footprint>
      <libsource lib="Device" part="L" description="Inductor"/>
      <property name="Sheetname" value=""/>
      <property name="Sheetfile" value="LF.kicad_sch"/>
      <property name="ki_description" value="Inductor"/>
      <property name="ki_keywords" value="inductor choke coil reactor magnetic"/>
      <sheetpath names="/" tstamps="/"/>
      <tstamps>6d70ada3-1d41-4e12-ab93-10bd8fe8b864</tstamps>
    </comp>
    <comp ref="M1">
      <value>Motor_DC</value>
      <footprint>Connector_Wago:Wago_734-132_1x02_P3.50mm_Vertical</footprint>
      <libsource lib="Motor" part="Motor_DC" description="DC Motor"/>
      <property name="Sheetname" value=""/>
      <property name="Sheetfile" value="LF.kicad_sch"/>
      <property name="ki_description" value="DC Motor"/>
      <property name="ki_keywords" value="DC Motor"/>
      <sheetpath names="/" tstamps="/"/>
      <tstamps>ca8d7b00-2347-4bd7-bac2-7baa0847ab86</tstamps>
    </comp>
    <comp ref="M2">
      <value>Motor_DC</value>
      <footprint>Connector_Wago:Wago_734-132_1x02_P3.50mm_Vertical</footprint>
      <libsource lib="Motor" part="Motor_DC" description="DC Motor"/>
      <property name="Sheetname" value=""/>
      <property name="Sheetfile" value="LF.kicad_sch"/>
      <property name="ki_description" value="DC Motor"/>
      <property name="ki_keywords" value="DC Motor"/>
      <sheetpath names="/" tstamps="/"/>
      <tstamps>c9199912-3f09-47a2-938b-29ea82944d80</tstamps>
    </comp>
    <comp ref="R1">
      <value>10k</value>
      <footprint>Resistor_THT:R_Axial_DIN0207_L6.3mm_D2.5mm_P7.62mm_Horizontal</footprint>
      <libsource lib="Device" part="R" description="Resistor"/>
      <property name="Sheetname" value=""/>
      <property name="Sheetfile" value="LF.kicad_sch"/>
      <property name="ki_description" value="Resistor"/>
      <property name="ki_keywords" value="R res resistor"/>
      <sheetpath names="/" tstamps="/"/>
      <tstamps>ab527dcf-1e06-46cd-90b6-1efc8c6173fd</tstamps>
    </comp>
    <comp ref="R2">
      <value>330</value>
      <footprint>Resistor_THT:R_Axial_DIN0207_L6.3mm_D2.5mm_P7.62mm_Horizontal</footprint>
      <libsource lib="Device" part="R" description="Resistor"/>
      <property name="Sheetname" value=""/>
      <property name="Sheetfile" value="LF.kicad_sch"/>
      <property name="ki_description" value="Resistor"/>
      <property name="ki_keywords" value="R res resistor"/>
      <sheetpath names="/" tstamps="/"/>
      <tstamps>1fca2f64-c988-4525-9060-d5252332f925</tstamps>
    </comp>
    <comp ref="R3">
      <value>4.7K</value>
      <footprint>Resistor_THT:R_Axial_DIN0207_L6.3mm_D2.5mm_P7.62mm_Horizontal</footprint>
      <libsource lib="Device" part="R" description="Resistor"/>
      <property name="Sheetname" value=""/>
      <property name="Sheetfile" value="LF.kicad_sch"/>
      <property name="ki_description" value="Resistor"/>
      <property name="ki_keywords" value="R res resistor"/>
      <sheetpath names="/" tstamps="/"/>
      <tstamps>c17fc3a9-3057-45de-8b2a-19e1892ec1a4</tstamps>
    </comp>
    <comp ref="SW1">
      <value>SW_Push_Dual</value>
      <footprint>Button_Switch_THT:SW_PUSH_6mm_H4.3mm</footprint>
      <libsource lib="Switch" part="SW_Push_Dual" description="Push button switch, generic, symbol, four pins"/>
      <property name="Sheetname" value=""/>
      <property name="Sheetfile" value="LF.kicad_sch"/>
      <property name="ki_description" value="Push button switch, generic, symbol, four pins"/>
      <property name="ki_keywords" value="switch normally-open pushbutton push-button"/>
      <sheetpath names="/" tstamps="/"/>
      <tstamps>84cfdfe2-577c-474f-a20b-a9ad95ab46eb</tstamps>
    </comp>
    <comp ref="U1">
      <value>ATmega328P-P</value>
      <footprint>Package_DIP:DIP-28_W7.62mm</footprint>
      <datasheet>http://ww1.microchip.com/downloads/en/DeviceDoc/ATmega328_P%20AVR%20MCU%20with%20picoPower%20Technology%20Data%20Sheet%2040001984A.pdf</datasheet>
      <libsource lib="MCU_Microchip_ATmega" part="ATmega328P-P" description="20MHz, 32kB Flash, 2kB SRAM, 1kB EEPROM, DIP-28"/>
      <property name="Sheetname" value=""/>
      <property name="Sheetfile" value="LF.kicad_sch"/>
      <property name="ki_description" value="20MHz, 32kB Flash, 2kB SRAM, 1kB EEPROM, DIP-28"/>
      <property name="ki_keywords" value="AVR 8bit Microcontroller MegaAVR PicoPower"/>
      <sheetpath names="/" tstamps="/"/>
      <tstamps>c062ffe6-d08b-45d8-af6b-f408a8b46c95</tstamps>
    </comp>
    <comp ref="U2">
      <value>L293D</value>
      <footprint>Package_DIP:DIP-16_W7.62mm</footprint>
      <datasheet>http://www.ti.com/lit/ds/symlink/l293.pdf</datasheet>
      <libsource lib="Driver_Motor" part="L293D" description="Quadruple Half-H Drivers"/>
      <property name="Sheetname" value=""/>
      <property name="Sheetfile" value="LF.kicad_sch"/>
      <property name="ki_description" value="Quadruple Half-H Drivers"/>
      <property name="ki_keywords" value="Half-H Driver Motor"/>
      <sheetpath names="/" tstamps="/"/>
      <tstamps>d6f480e2-7729-496d-9bd2-7c0d1a8464c5</tstamps>
    </comp>
    <comp ref="U3">
      <value>L7805</value>
      <footprint>Package_TO_SOT_THT:TO-220F-3_Horizontal_TabDown</footprint>
      <datasheet>http://www.st.com/content/ccc/resource/technical/document/datasheet/41/4f/b3/b0/12/d4/47/88/CD00000444.pdf/files/CD00000444.pdf/jcr:content/translations/en.CD00000444.pdf</datasheet>
      <libsource lib="Regulator_Linear" part="L7805" description="Positive 1.5A 35V Linear Regulator, Fixed Output 5V, TO-220/TO-263/TO-252"/>
      <property name="Sheetname" value=""/>
      <property name="Sheetfile" value="LF.kicad_sch"/>
      <property name="ki_description" value="Positive 1.5A 35V Linear Regulator, Fixed Output 5V, TO-220/TO-263/TO-252"/>
      <property name="ki_keywords" value="Voltage Regulator 1.5A Positive"/>
      <sheetpath names="/" tstamps="/"/>
      <tstamps>f668d727-1b81-47ba-af4d-3bbb9bea7803</tstamps>
    </comp>
    <comp ref="Y1">
      <value>16MHz</value>
      <footprint>Crystal:Crystal_HC49-U_Vertical</footprint>
      <libsource lib="Device" part="Crystal" description="Two pin crystal"/>
      <property name="Sheetname" value=""/>
      <property name="Sheetfile" value="LF.kicad_sch"/>
      <property name="ki_description" value="Two pin crystal"/>
      <property name="ki_keywords" value="quartz ceramic resonator oscillator"/>
      <sheetpath names="/" tstamps="/"/>
      <tstamps>cfa335e2-ece6-4520-8e77-17e68b853eec</tstamps>
    </comp>
  </components>
  <libparts>
    <libpart lib="Connector" part="DIN41612_02x05_AB_EvenPins">
      <description>DIN41612 connector, double row (AB) even pins only, 02x05, script generated (kicad-library-utils/schlib/autogen/connector/)</description>
      <docs>~</docs>
      <footprints>
        <fp>DIN41612*2x*</fp>
      </footprints>
      <fields>
        <field name="Reference">J</field>
        <field name="Value">DIN41612_02x05_AB_EvenPins</field>
        <field name="Datasheet">~</field>
      </fields>
      <pins>
        <pin num="a2" name="Pin_a2" type="passive"/>
        <pin num="a4" name="Pin_a4" type="passive"/>
        <pin num="a6" name="Pin_a6" type="passive"/>
        <pin num="a8" name="Pin_a8" type="passive"/>
        <pin num="a10" name="Pin_a10" type="passive"/>
        <pin num="b2" name="Pin_b2" type="passive"/>
        <pin num="b4" name="Pin_b4" type="passive"/>
        <pin num="b6" name="Pin_b6" type="passive"/>
        <pin num="b8" name="Pin_b8" type="passive"/>
        <pin num="b10" name="Pin_b10" type="passive"/>
      </pins>
    </libpart>
    <libpart lib="Connector" part="Screw_Terminal_01x02">
      <description>Generic screw terminal, single row, 01x02, script generated (kicad-library-utils/schlib/autogen/connector/)</description>
      <docs>~</docs>
      <footprints>
        <fp>TerminalBlock*:*</fp>
      </footprints>
      <fields>
        <field name="Reference">J</field>
        <field name="Value">Screw_Terminal_01x02</field>
        <field name="Datasheet">~</field>
      </fields>
      <pins>
        <pin num="1" name="Pin_1" type="passive"/>
        <pin num="2" name="Pin_2" type="passive"/>
      </pins>
    </libpart>
    <libpart lib="Connector" part="Screw_Terminal_01x07">
      <description>Generic screw terminal, single row, 01x07, script generated (kicad-library-utils/schlib/autogen/connector/)</description>
      <docs>~</docs>
      <footprints>
        <fp>TerminalBlock*:*</fp>
      </footprints>
      <fields>
        <field name="Reference">J</field>
        <field name="Value">Screw_Terminal_01x07</field>
        <field name="Datasheet">~</field>
      </fields>
      <pins>
        <pin num="1" name="Pin_1" type="passive"/>
        <pin num="2" name="Pin_2" type="passive"/>
        <pin num="3" name="Pin_3" type="passive"/>
        <pin num="4" name="Pin_4" type="passive"/>
        <pin num="5" name="Pin_5" type="passive"/>
        <pin num="6" name="Pin_6" type="passive"/>
        <pin num="7" name="Pin_7" type="passive"/>
      </pins>
    </libpart>
    <libpart lib="Device" part="C">
      <description>Unpolarized capacitor</description>
      <docs>~</docs>
      <footprints>
        <fp>C_*</fp>
      </footprints>
      <fields>
        <field name="Reference">C</field>
        <field name="Value">C</field>
        <field name="Datasheet">~</field>
      </fields>
      <pins>
        <pin num="1" name="" type="passive"/>
        <pin num="2" name="" type="passive"/>
      </pins>
    </libpart>
    <libpart lib="Device" part="C_Polarized">
      <description>Polarized capacitor</description>
      <docs>~</docs>
      <footprints>
        <fp>CP_*</fp>
      </footprints>
      <fields>
        <field name="Reference">C</field>
        <field name="Value">C_Polarized</field>
        <field name="Datasheet">~</field>
      </fields>
      <pins>
        <pin num="1" name="" type="passive"/>
        <pin num="2" name="" type="passive"/>
      </pins>
    </libpart>
    <libpart lib="Device" part="Crystal">
      <description>Two pin crystal</description>
      <docs>~</docs>
      <footprints>
        <fp>Crystal*</fp>
      </footprints>
      <fields>
        <field name="Reference">Y</field>
        <field name="Value">Crystal</field>
        <field name="Datasheet">~</field>
      </fields>
      <pins>
        <pin num="1" name="1" type="passive"/>
        <pin num="2" name="2" type="passive"/>
      </pins>
    </libpart>
    <libpart lib="Device" part="L">
      <description>Inductor</description>
      <docs>~</docs>
      <footprints>
        <fp>Choke_*</fp>
        <fp>*Coil*</fp>
        <fp>Inductor_*</fp>
        <fp>L_*</fp>
      </footprints>
      <fields>
        <field name="Reference">L</field>
        <field name="Value">L</field>
        <field name="Datasheet">~</field>
      </fields>
      <pins>
        <pin num="1" name="1" type="passive"/>
        <pin num="2" name="2" type="passive"/>
      </pins>
    </libpart>
    <libpart lib="Device" part="LED">
      <description>Light emitting diode</description>
      <docs>~</docs>
      <footprints>
        <fp>LED*</fp>
        <fp>LED_SMD:*</fp>
        <fp>LED_THT:*</fp>
      </footprints>
      <fields>
        <field name="Reference">D</field>
        <field name="Value">LED</field>
        <field name="Datasheet">~</field>
      </fields>
      <pins>
        <pin num="1" name="K" type="passive"/>
        <pin num="2" name="A" type="passive"/>
      </pins>
    </libpart>
    <libpart lib="Device" part="R">
      <description>Resistor</description>
      <docs>~</docs>
      <footprints>
        <fp>R_*</fp>
      </footprints>
      <fields>
        <field name="Reference">R</field>
        <field name="Value">R</field>
        <field name="Datasheet">~</field>
      </fields>
      <pins>
        <pin num="1" name="" type="passive"/>
        <pin num="2" name="" type="passive"/>
      </pins>
    </libpart>
    <libpart lib="Diode" part="1N4007">
      <description>1000V 1A General Purpose Rectifier Diode, DO-41</description>
      <docs>http://www.vishay.com/docs/88503/1n4001.pdf</docs>
      <footprints>
        <fp>D*DO?41*</fp>
      </footprints>
      <fields>
        <field name="Reference">D</field>
        <field name="Value">1N4007</field>
        <field name="Footprint">Diode_THT:D_DO-41_SOD81_P10.16mm_Horizontal</field>
        <field name="Datasheet">http://www.vishay.com/docs/88503/1n4001.pdf</field>
        <field name="Sim.Device">D</field>
        <field name="Sim.Pins">1=K 2=A</field>
      </fields>
      <pins>
        <pin num="1" name="K" type="passive"/>
        <pin num="2" name="A" type="passive"/>
      </pins>
    </libpart>
    <libpart lib="Diode" part="1N4148">
      <description>100V 0.15A standard switching diode, DO-35</description>
      <docs>https://assets.nexperia.com/documents/data-sheet/1N4148_1N4448.pdf</docs>
      <footprints>
        <fp>D*DO?35*</fp>
      </footprints>
      <fields>
        <field name="Reference">D</field>
        <field name="Value">1N4148</field>
        <field name="Footprint">Diode_THT:D_DO-35_SOD27_P7.62mm_Horizontal</field>
        <field name="Datasheet">https://assets.nexperia.com/documents/data-sheet/1N4148_1N4448.pdf</field>
        <field name="Sim.Device">D</field>
        <field name="Sim.Pins">1=K 2=A</field>
      </fields>
      <pins>
        <pin num="1" name="K" type="passive"/>
        <pin num="2" name="A" type="passive"/>
      </pins>
    </libpart>
    <libpart lib="Driver_Motor" part="L293D">
      <description>Quadruple Half-H Drivers</description>
      <docs>http://www.ti.com/lit/ds/symlink/l293.pdf</docs>
      <footprints>
        <fp>DIP*W7.62mm*</fp>
      </footprints>
      <fields>
        <field name="Reference">U</field>
        <field name="Value">L293D</field>
        <field name="Footprint">Package_DIP:DIP-16_W7.62mm</field>
        <field name="Datasheet">http://www.ti.com/lit/ds/symlink/l293.pdf</field>
      </fields>
      <pins>
        <pin num="1" name="EN1,2" type="input"/>
        <pin num="2" name="1A" type="input"/>
        <pin num="3" name="1Y" type="output"/>
        <pin num="4" name="GND" type="power_in"/>
        <pin num="5" name="GND" type="power_in"/>
        <pin num="6" name="2Y" type="output"/>
        <pin num="7" name="2A" type="input"/>
        <pin num="8" name="VCC2" type="power_in"/>
        <pin num="9" name="EN3,4" type="input"/>
        <pin num="10" name="3A" type="input"/>
        <pin num="11" name="3Y" type="output"/>
        <pin num="12" name="GND" type="power_in"/>
        <pin num="13" name="GND" type="power_in"/>
        <pin num="14" name="4Y" type="output"/>
        <pin num="15" name="4A" type="input"/>
        <pin num="16" name="VCC1" type="power_in"/>
      </pins>
    </libpart>
    <libpart lib="MCU_Microchip_ATmega" part="ATmega328P-P">
      <description>20MHz, 32kB Flash, 2kB SRAM, 1kB EEPROM, DIP-28</description>
      <docs>http://ww1.microchip.com/downloads/en/DeviceDoc/ATmega328_P%20AVR%20MCU%20with%20picoPower%20Technology%20Data%20Sheet%2040001984A.pdf</docs>
      <footprints>
        <fp>DIP*W7.62mm*</fp>
      </footprints>
      <fields>
        <field name="Reference">U</field>
        <field name="Value">ATmega328P-P</field>
        <field name="Footprint">Package_DIP:DIP-28_W7.62mm</field>
        <field name="Datasheet">http://ww1.microchip.com/downloads/en/DeviceDoc/ATmega328_P%20AVR%20MCU%20with%20picoPower%20Technology%20Data%20Sheet%2040001984A.pdf</field>
      </fields>
      <pins>
        <pin num="1" name="~{RESET}/PC6" type="bidirectional"/>
        <pin num="2" name="PD0" type="bidirectional"/>
        <pin num="3" name="PD1" type="bidirectional"/>
        <pin num="4" name="PD2" type="bidirectional"/>
        <pin num="5" name="PD3" type="bidirectional"/>
        <pin num="6" name="PD4" type="bidirectional"/>
        <pin num="7" name="VCC" type="power_in"/>
        <pin num="8" name="GND" type="power_in"/>
        <pin num="9" name="XTAL1/PB6" type="bidirectional"/>
        <pin num="10" name="XTAL2/PB7" type="bidirectional"/>
        <pin num="11" name="PD5" type="bidirectional"/>
        <pin num="12" name="PD6" type="bidirectional"/>
        <pin num="13" name="PD7" type="bidirectional"/>
        <pin num="14" name="PB0" type="bidirectional"/>
        <pin num="15" name="PB1" type="bidirectional"/>
        <pin num="16" name="PB2" type="bidirectional"/>
        <pin num="17" name="PB3" type="bidirectional"/>
        <pin num="18" name="PB4" type="bidirectional"/>
        <pin num="19" name="PB5" type="bidirectional"/>
        <pin num="20" name="AVCC" type="power_in"/>
        <pin num="21" name="AREF" type="passive"/>
        <pin num="22" name="GND" type="passive"/>
        <pin num="23" name="PC0" type="bidirectional"/>
        <pin num="24" name="PC1" type="bidirectional"/>
        <pin num="25" name="PC2" type="bidirectional"/>
        <pin num="26" name="PC3" type="bidirectional"/>
        <pin num="27" name="PC4" type="bidirectional"/>
        <pin num="28" name="PC5" type="bidirectional"/>
      </pins>
    </libpart>
    <libpart lib="Motor" part="Motor_DC">
      <description>DC Motor</description>
      <docs>~</docs>
      <footprints>
        <fp>PinHeader*P2.54mm*</fp>
        <fp>TerminalBlock*</fp>
      </footprints>
      <fields>
        <field name="Reference">M</field>
        <field name="Value">Motor_DC</field>
        <field name="Datasheet">~</field>
      </fields>
      <pins>
        <pin num="1" name="+" type="passive"/>
        <pin num="2" name="-" type="passive"/>
      </pins>
    </libpart>
    <libpart lib="Regulator_Linear" part="L7805">
      <description>Positive 1.5A 35V Linear Regulator, Fixed Output 5V, TO-220/TO-263/TO-252</description>
      <docs>http://www.st.com/content/ccc/resource/technical/document/datasheet/41/4f/b3/b0/12/d4/47/88/CD00000444.pdf/files/CD00000444.pdf/jcr:content/translations/en.CD00000444.pdf</docs>
      <footprints>
        <fp>TO?252*</fp>
        <fp>TO?263*</fp>
        <fp>TO?220*</fp>
      </footprints>
      <fields>
        <field name="Reference">U</field>
        <field name="Value">L7805</field>
        <field name="Datasheet">http://www.st.com/content/ccc/resource/technical/document/datasheet/41/4f/b3/b0/12/d4/47/88/CD00000444.pdf/files/CD00000444.pdf/jcr:content/translations/en.CD00000444.pdf</field>
      </fields>
      <pins>
        <pin num="1" name="IN" type="power_in"/>
        <pin num="2" name="GND" type="power_in"/>
        <pin num="3" name="OUT" type="power_out"/>
      </pins>
    </libpart>
    <libpart lib="Switch" part="SW_Push_Dual">
      <description>Push button switch, generic, symbol, four pins</description>
      <docs>~</docs>
      <fields>
        <field name="Reference">SW</field>
        <field name="Value">SW_Push_Dual</field>
        <field name="Datasheet">~</field>
      </fields>
      <pins>
        <pin num="1" name="1" type="passive"/>
        <pin num="2" name="2" type="passive"/>
        <pin num="3" name="3" type="passive"/>
        <pin num="4" name="4" type="passive"/>
      </pins>
    </libpart>
  </libparts>
  <libraries>
    <library logical="Connector">
      <uri>C:\Program Files\KiCad\7.0\share\kicad\symbols\/Connector.kicad_sym</uri>
    </library>
    <library logical="Device">
      <uri>C:\Program Files\KiCad\7.0\share\kicad\symbols\/Device.kicad_sym</uri>
    </library>
    <library logical="Diode">
      <uri>C:\Program Files\KiCad\7.0\share\kicad\symbols\/Diode.kicad_sym</uri>
    </library>
    <library logical="Driver_Motor">
      <uri>C:\Program Files\KiCad\7.0\share\kicad\symbols\/Driver_Motor.kicad_sym</uri>
    </library>
    <library logical="MCU_Microchip_ATmega">
      <uri>C:\Program Files\KiCad\7.0\share\kicad\symbols\/MCU_Microchip_ATmega.kicad_sym</uri>
    </library>
    <library logical="Motor">
      <uri>C:\Program Files\KiCad\7.0\share\kicad\symbols\/Motor.kicad_sym</uri>
    </library>
    <library logical="Regulator_Linear">
      <uri>C:\Program Files\KiCad\7.0\share\kicad\symbols\/Regulator_Linear.kicad_sym</uri>
    </library>
    <library logical="Switch">
      <uri>C:\Program Files\KiCad\7.0\share\kicad\symbols\/Switch.kicad_sym</uri>
    </library>
  </libraries>
  <nets>
    <net code="1" name="GND">
      <node ref="C1" pin="2" pintype="passive"/>
      <node ref="C2" pin="2" pintype="passive"/>
      <node ref="C3" pin="2" pintype="passive"/>
      <node ref="C4" pin="2" pintype="passive"/>
      <node ref="C5" pin="2" pintype="passive"/>
      <node ref="C6" pin="2" pintype="passive"/>
      <node ref="C7" pin="2" pintype="passive"/>
      <node ref="C8" pin="2" pintype="passive"/>
      <node ref="C9" pin="1" pintype="passive"/>
      <node ref="D1" pin="1" pinfunction="K" pintype="passive"/>
      <node ref="D3" pin="2" pinfunction="A" pintype="passive"/>
      <node ref="D5" pin="2" pinfunction="A" pintype="passive"/>
      <node ref="D8" pin="2" pinfunction="A" pintype="passive"/>
      <node ref="D9" pin="2" pinfunction="A" pintype="passive"/>
      <node ref="J1" pin="b10" pinfunction="Pin_b10" pintype="passive"/>
      <node ref="J1" pin="b4" pinfunction="Pin_b4" pintype="passive"/>
      <node ref="J1" pin="b6" pinfunction="Pin_b6" pintype="passive"/>
      <node ref="J1" pin="b8" pinfunction="Pin_b8" pintype="passive"/>
      <node ref="J2" pin="7" pinfunction="Pin_7" pintype="passive"/>
      <node ref="J4" pin="1" pinfunction="Pin_1" pintype="passive"/>
      <node ref="SW1" pin="1" pinfunction="1" pintype="passive"/>
      <node ref="SW1" pin="3" pinfunction="3" pintype="passive"/>
      <node ref="U1" pin="22" pinfunction="GND" pintype="passive"/>
      <node ref="U1" pin="8" pinfunction="GND" pintype="power_in"/>
      <node ref="U2" pin="12" pinfunction="GND" pintype="power_in"/>
      <node ref="U2" pin="13" pinfunction="GND" pintype="power_in"/>
      <node ref="U2" pin="4" pinfunction="GND" pintype="power_in"/>
      <node ref="U2" pin="5" pinfunction="GND" pintype="power_in"/>
      <node ref="U3" pin="2" pinfunction="GND" pintype="power_in"/>
    </net>
    <net code="2" name="MISO">
      <node ref="J1" pin="a10" pinfunction="Pin_a10" pintype="passive"/>
      <node ref="U1" pin="18" pinfunction="PB4" pintype="bidirectional"/>
    </net>
    <net code="3" name="MOSI">
      <node ref="J1" pin="a2" pinfunction="Pin_a2" pintype="passive"/>
      <node ref="U1" pin="17" pinfunction="PB3" pintype="bidirectional"/>
    </net>
    <net code="4" name="Net-(D1-A)">
      <node ref="D1" pin="2" pinfunction="A" pintype="passive"/>
      <node ref="R1" pin="1" pintype="passive"/>
    </net>
    <net code="5" name="Net-(D2-A)">
      <node ref="D2" pin="2" pinfunction="A" pintype="passive"/>
      <node ref="D3" pin="1" pinfunction="K" pintype="passive"/>
      <node ref="M1" pin="2" pinfunction="-" pintype="passive"/>
      <node ref="U2" pin="6" pinfunction="2Y" pintype="output"/>
    </net>
    <net code="6" name="Net-(D4-A)">
      <node ref="D4" pin="2" pinfunction="A" pintype="passive"/>
      <node ref="D5" pin="1" pinfunction="K" pintype="passive"/>
      <node ref="M1" pin="1" pinfunction="+" pintype="passive"/>
      <node ref="U2" pin="3" pinfunction="1Y" pintype="output"/>
    </net>
    <net code="7" name="Net-(D6-A)">
      <node ref="D6" pin="2" pinfunction="A" pintype="passive"/>
      <node ref="D8" pin="1" pinfunction="K" pintype="passive"/>
      <node ref="M2" pin="1" pinfunction="+" pintype="passive"/>
      <node ref="U2" pin="11" pinfunction="3Y" pintype="output"/>
    </net>
    <net code="8" name="Net-(D7-A)">
      <node ref="D7" pin="2" pinfunction="A" pintype="passive"/>
      <node ref="D9" pin="1" pinfunction="K" pintype="passive"/>
      <node ref="M2" pin="2" pinfunction="-" pintype="passive"/>
      <node ref="U2" pin="14" pinfunction="4Y" pintype="output"/>
    </net>
    <net code="9" name="Net-(J2-Pin_1)">
      <node ref="J2" pin="1" pinfunction="Pin_1" pintype="passive"/>
      <node ref="U1" pin="28" pinfunction="PC5" pintype="bidirectional"/>
    </net>
    <net code="10" name="Net-(J2-Pin_2)">
      <node ref="J2" pin="2" pinfunction="Pin_2" pintype="passive"/>
      <node ref="U1" pin="27" pinfunction="PC4" pintype="bidirectional"/>
    </net>
    <net code="11" name="Net-(J2-Pin_3)">
      <node ref="J2" pin="3" pinfunction="Pin_3" pintype="passive"/>
      <node ref="U1" pin="26" pinfunction="PC3" pintype="bidirectional"/>
    </net>
    <net code="12" name="Net-(J2-Pin_4)">
      <node ref="J2" pin="4" pinfunction="Pin_4" pintype="passive"/>
      <node ref="U1" pin="25" pinfunction="PC2" pintype="bidirectional"/>
    </net>
    <net code="13" name="Net-(J2-Pin_5)">
      <node ref="J2" pin="5" pinfunction="Pin_5" pintype="passive"/>
      <node ref="U1" pin="24" pinfunction="PC1" pintype="bidirectional"/>
    </net>
    <net code="14" name="Net-(J4-Pin_2)">
      <node ref="C3" pin="1" pintype="passive"/>
      <node ref="J4" pin="2" pinfunction="Pin_2" pintype="passive"/>
      <node ref="U3" pin="1" pinfunction="IN" pintype="power_in"/>
    </net>
    <net code="15" name="Net-(R2-Pad1)">
      <node ref="R2" pin="1" pintype="passive"/>
      <node ref="SW1" pin="2" pinfunction="2" pintype="passive"/>
      <node ref="SW1" pin="4" pinfunction="4" pintype="passive"/>
    </net>
    <net code="16" name="Net-(U1-AVCC)">
      <node ref="C7" pin="1" pintype="passive"/>
      <node ref="L2" pin="2" pinfunction="2" pintype="passive"/>
      <node ref="U1" pin="20" pinfunction="AVCC" pintype="power_in"/>
    </net>
    <net code="17" name="Net-(U1-PD2)">
      <node ref="U1" pin="4" pinfunction="PD2" pintype="bidirectional"/>
      <node ref="U2" pin="2" pinfunction="1A" pintype="input"/>
    </net>
    <net code="18" name="Net-(U1-PD3)">
      <node ref="U1" pin="5" pinfunction="PD3" pintype="bidirectional"/>
      <node ref="U2" pin="7" pinfunction="2A" pintype="input"/>
    </net>
    <net code="19" name="Net-(U1-PD4)">
      <node ref="U1" pin="6" pinfunction="PD4" pintype="bidirectional"/>
      <node ref="U2" pin="1" pinfunction="EN1,2" pintype="input"/>
    </net>
    <net code="20" name="Net-(U1-PD5)">
      <node ref="U1" pin="11" pinfunction="PD5" pintype="bidirectional"/>
      <node ref="U2" pin="10" pinfunction="3A" pintype="input"/>
    </net>
    <net code="21" name="Net-(U1-PD6)">
      <node ref="U1" pin="12" pinfunction="PD6" pintype="bidirectional"/>
      <node ref="U2" pin="15" pinfunction="4A" pintype="input"/>
    </net>
    <net code="22" name="Net-(U1-PD7)">
      <node ref="U1" pin="13" pinfunction="PD7" pintype="bidirectional"/>
      <node ref="U2" pin="9" pinfunction="EN3,4" pintype="input"/>
    </net>
    <net code="23" name="Net-(U1-XTAL1{slash}PB6)">
      <node ref="C1" pin="1" pintype="passive"/>
      <node ref="U1" pin="9" pinfunction="XTAL1/PB6" pintype="bidirectional"/>
      <node ref="Y1" pin="2" pinfunction="2" pintype="passive"/>
    </net>
    <net code="24" name="Net-(U1-XTAL2{slash}PB7)">
      <node ref="C2" pin="1" pintype="passive"/>
      <node ref="U1" pin="10" pinfunction="XTAL2/PB7" pintype="bidirectional"/>
      <node ref="Y1" pin="1" pinfunction="1" pintype="passive"/>
    </net>
    <net code="25" name="Net-(U3-OUT)">
      <node ref="L1" pin="1" pinfunction="1" pintype="passive"/>
      <node ref="U3" pin="3" pinfunction="OUT" pintype="power_out"/>
    </net>
    <net code="26" name="RESET">
      <node ref="C8" pin="1" pintype="passive"/>
      <node ref="D10" pin="2" pinfunction="A" pintype="passive"/>
      <node ref="J1" pin="a6" pinfunction="Pin_a6" pintype="passive"/>
      <node ref="R2" pin="2" pintype="passive"/>
      <node ref="R3" pin="1" pintype="passive"/>
      <node ref="U1" pin="1" pinfunction="~{RESET}/PC6" pintype="bidirectional"/>
    </net>
    <net code="27" name="SCK">
      <node ref="J1" pin="a8" pinfunction="Pin_a8" pintype="passive"/>
      <node ref="U1" pin="19" pinfunction="PB5" pintype="bidirectional"/>
    </net>
    <net code="28" name="VCC">
      <node ref="C4" pin="1" pintype="passive"/>
      <node ref="C5" pin="1" pintype="passive"/>
      <node ref="C6" pin="1" pintype="passive"/>
      <node ref="C9" pin="2" pintype="passive"/>
      <node ref="D10" pin="1" pinfunction="K" pintype="passive"/>
      <node ref="D2" pin="1" pinfunction="K" pintype="passive"/>
      <node ref="D4" pin="1" pinfunction="K" pintype="passive"/>
      <node ref="D6" pin="1" pinfunction="K" pintype="passive"/>
      <node ref="D7" pin="1" pinfunction="K" pintype="passive"/>
      <node ref="J1" pin="b2" pinfunction="Pin_b2" pintype="passive"/>
      <node ref="J2" pin="6" pinfunction="Pin_6" pintype="passive"/>
      <node ref="L1" pin="2" pinfunction="2" pintype="passive"/>
      <node ref="L2" pin="1" pinfunction="1" pintype="passive"/>
      <node ref="R1" pin="2" pintype="passive"/>
      <node ref="R3" pin="2" pintype="passive"/>
      <node ref="U1" pin="7" pinfunction="VCC" pintype="power_in"/>
      <node ref="U2" pin="16" pinfunction="VCC1" pintype="power_in"/>
      <node ref="U2" pin="8" pinfunction="VCC2" pintype="power_in"/>
    </net>
    <net code="29" name="unconnected-(J1-Pin_a4-Pada4)">
      <node ref="J1" pin="a4" pinfunction="Pin_a4" pintype="passive"/>
    </net>
    <net code="30" name="unconnected-(U1-AREF-Pad21)">
      <node ref="U1" pin="21" pinfunction="AREF" pintype="passive"/>
    </net>
    <net code="31" name="unconnected-(U1-PB0-Pad14)">
      <node ref="U1" pin="14" pinfunction="PB0" pintype="bidirectional"/>
    </net>
    <net code="32" name="unconnected-(U1-PB1-Pad15)">
      <node ref="U1" pin="15" pinfunction="PB1" pintype="bidirectional"/>
    </net>
    <net code="33" name="unconnected-(U1-PB2-Pad16)">
      <node ref="U1" pin="16" pinfunction="PB2" pintype="bidirectional"/>
    </net>
    <net code="34" name="unconnected-(U1-PC0-Pad23)">
      <node ref="U1" pin="23" pinfunction="PC0" pintype="bidirectional"/>
    </net>
    <net code="35" name="unconnected-(U1-PD0-Pad2)">
      <node ref="U1" pin="2" pinfunction="PD0" pintype="bidirectional"/>
    </net>
    <net code="36" name="unconnected-(U1-PD1-Pad3)">
      <node ref="U1" pin="3" pinfunction="PD1" pintype="bidirectional"/>
    </net>
  </nets>
</export>
